{
  "requirements": [
    {
      "bonus": false,
      "description": "1 - Crie migrations para as entidades User, Categories, BlogPosts e PostCategories",
      "enabled": true,
      "identifier": null,
      "order": 1,
      "skill_ids": []
    },
    {
      "bonus": false,
      "description": "2 - Crie o modelo 'User' em 'src/database/models/user.js' com as propriedades corretas",
      "enabled": true,
      "identifier": null,
      "order": 2,
      "skill_ids": []
    },
    {
      "bonus": false,
      "description": "3 - Sua aplicação deve ter o endpoint POST `/login`",
      "enabled": true,
      "identifier": null,
      "order": 3,
      "skill_ids": []
    },
    {
      "bonus": false,
      "description": "4 - Sua aplicação deve ter o endpoint POST `/user`",
      "enabled": true,
      "identifier": null,
      "order": 4,
      "skill_ids": []
    },
    {
      "bonus": false,
      "description": "5 - Sua aplicação deve ter o endpoint GET `/user`",
      "enabled": true,
      "identifier": null,
      "order": 5,
      "skill_ids": []
    },
    {
      "bonus": false,
      "description": "6 - Sua aplicação deve ter o endpoint GET `/user/:id`",
      "enabled": true,
      "identifier": null,
      "order": 6,
      "skill_ids": []
    },
    {
      "bonus": false,
      "description": "7 - Crie o modelo 'Category' em 'src/database/models/category.js' com as propriedades corretas",
      "enabled": true,
      "identifier": null,
      "order": 7,
      "skill_ids": []
    },
    {
      "bonus": false,
      "description": "8 - Sua aplicação deve ter o endpoint POST `/categories`",
      "enabled": true,
      "identifier": null,
      "order": 8,
      "skill_ids": []
    },
    {
      "bonus": false,
      "description": "9 - Sua aplicação deve ter o endpoint GET `/categories`",
      "enabled": true,
      "identifier": null,
      "order": 9,
      "skill_ids": []
    },
    {
      "bonus": false,
      "description": "10 - Crie o modelo 'BlogPost' em 'src/database/models/blogPost.js' com as propriedades e associações corretas",
      "enabled": true,
      "identifier": null,
      "order": 10,
      "skill_ids": []
    },
    {
      "bonus": false,
      "description": "11 - Crie o modelo 'PostCategory' em 'src/database/models/postCategory.js' com as propriedades e associações corretas",
      "enabled": true,
      "identifier": null,
      "order": 11,
      "skill_ids": []
    },
    {
      "bonus": false,
      "description": "12 - Sua aplicação deve ter o endpoint POST `/post`",
      "enabled": true,
      "identifier": null,
      "order": 12,
      "skill_ids": []
    },
    {
      "bonus": false,
      "description": "13 - Sua aplicação deve ter o endpoint GET `/post`",
      "enabled": true,
      "identifier": null,
      "order": 13,
      "skill_ids": []
    },
    {
      "bonus": false,
      "description": "14 - Sua aplicação deve ter o endpoint GET `post/:id`",
      "enabled": true,
      "identifier": null,
      "order": 14,
      "skill_ids": []
    },
    {
      "bonus": false,
      "description": "15 - Sua aplicação deve ter o endpoint PUT `/post/:id`",
      "enabled": true,
      "identifier": null,
      "order": 15,
      "skill_ids": []
    },
    {
      "bonus": true,
      "description": "16 - Sua aplicação deve ter o endpoint DELETE `post/:id`",
      "enabled": true,
      "identifier": null,
      "order": 16,
      "skill_ids": []
    },
    {
      "bonus": true,
      "description": "17 - Sua aplicação deve ter o endpoint DELETE `/user/me`",
      "enabled": true,
      "identifier": null,
      "order": 17,
      "skill_ids": []
    },
    {
      "bonus": true,
      "description": "18 - Sua aplicação deve ter o endpoint GET `post/search?q=:searchTerm`",
      "enabled": true,
      "identifier": null,
      "order": 18,
      "skill_ids": []
    }
  ]
}